[
    { "name": "Michael van Gerwen", "average": 98.96, "three_darts": 98.27, "one_darts": 96.75 },
    { "name": "Luke Humphries", "average": 97.35, "three_darts": 95.48, "one_darts": 92.93 },
    { "name": "Peter Wright", "average": 97.13, "three_darts": 98.15, "one_darts": 95.93 },
    { "name": "Damon Heta", "average": 97.05, "three_darts": 96.99, "one_darts": 98.43 },
    { "name": "Gerwyn Price", "average": 96.99, "three_darts": 97.36, "one_darts": 96.78 },
    { "name": "Dirk Van Duijvenbode", "average": 96.85, "three_darts": 97.17, "one_darts": 97.28 },
    { "name": "Michael Smith", "average": 96.62, "three_darts": 96.09, "one_darts": 94.96 },
    { "name": "Rob Cross", "average": 96.55, "three_darts": 96.48, "one_darts": 95.11 },
    { "name": "Jonny Clayton", "average": 96.47, "three_darts": 96.29, "one_darts": 96.22 },
    { "name": "Dave Chisnall", "average": 96.43, "three_darts": 94.59, "one_darts": 93.09 }
  ]
  