[
    {
      "year": 2024,
      "winner": "Luke Humphries",
      "score": "7-4",
      "runner_up": "Luke Littler",
      "country": "Engleska"
    },
    {
      "year": 2023,
      "winner": "Michael Smith",
      "score": "7-4",
      "runner_up": "Michael van Gerwen",
      "country": "UK"
    },
    {
      "year": 2022,
      "winner": "Peter Wright",
      "score": "7-5",
      "runner_up": "Michael Smith",
      "country": "Skotska"
    },
    {
      "year": 2021,
      "winner": "Gerwyn Price",
      "score": "7-3",
      "runner_up": "Gary Anderson",
      "country": "Wales"
    },
    {
      "year": 2020,
      "winner": "Peter Wright",
      "score": "7-3",
      "runner_up": "Michael van Gerwen",
      "country": "Skotska"
    },
    {
      "year": 2019,
      "winner": "Michael van Gerwen",
      "score": "7-3",
      "runner_up": "Michael Smith",
      "country": "Nizozemska"
    },
    {
      "year": 2018,
      "winner": "Rob Cross",
      "score": "7-2",
      "runner_up": "Phil Taylor",
      "country": "Engleska"
    }
  ]
  