[
    {
        "location": "London, England",
        "year": "2023/2024",
        "arena": "Alexandra Palace",
        "date": "7th June 2024"
    },
    {
        "location": "Berlin, Germany",
        "year": "2023/2024",
        "arena": "Mercedes-Benz Arena",
        "date": "15th July 2024"
    },
    {
        "location": "New York, USA",
        "year": "2023/2024",
        "arena": "Madison Square Garden",
        "date": "23rd August 2024"
    },
    {
        "location": "Tokyo, Japan",
        "year": "2023/2024",
        "arena": "Tokyo Dome",
        "date": "10th September 2024"
    },
    {
        "location": "Sydney, Australia",
        "year": "2023/2024",
        "arena": "Qudos Bank Arena",
        "date": "5th October 2024"
    }
]
